{
  "description": "Real parameters from scikit-learn's Diabetes regression dataset.",
  "corr":
    [[ 1        ,  0.1737371 ,  0.18508467,  0.33542759,  0.26006082,
         0.21924314, -0.07518097,  0.2038409 ,  0.27077424,  0.30173101,
         0.18788875],
       [ 0.1737371 ,  1        ,  0.0881614 ,  0.24101049,  0.03527682,
         0.14263726, -0.37908963,  0.33211509,  0.14991614,  0.20813322,
         0.043062  ],
       [ 0.18508467,  0.0881614 ,  1        ,  0.3954109 ,  0.24977742,
         0.26116991, -0.36681098,  0.4138066 ,  0.44615654,  0.38867999,
         0.58645013],
       [ 0.33542759,  0.24101049,  0.3954109 ,  1        ,  0.24246402,
         0.18554846, -0.17876163,  0.25765005,  0.39348011,  0.39043002,
         0.44148176],
       [ 0.26006082,  0.03527682,  0.24977742,  0.24246402,  1        ,
         0.89666296,  0.05151936,  0.54220728,  0.51550292,  0.32571675,
         0.21202248],
       [ 0.21924314,  0.14263726,  0.26116991,  0.18554846,  0.89666296,
         1        , -0.19645512,  0.65981689,  0.31835667,  0.29060038,
         0.17405359],
       [-0.07518097, -0.37908963, -0.36681098, -0.17876163,  0.05151936,
        -0.19645512,  1        , -0.73849273, -0.39857729, -0.2736973 ,
        -0.39478925],
       [ 0.2038409 ,  0.33211509,  0.4138066 ,  0.25765005,  0.54220728,
         0.65981689, -0.73849273,  1        ,  0.61785897,  0.41721211,
         0.43045288],
       [ 0.27077424,  0.14991614,  0.44615654,  0.39348011,  0.51550292,
         0.31835667, -0.39857729,  0.61785897,  1        ,  0.46466885,
         0.56588259],
       [ 0.30173101,  0.20813322,  0.38867999,  0.39043002,  0.32571675,
         0.29060038, -0.2736973 ,  0.41721211,  0.46466885,  1        ,
         0.38248348],
       [ 0.18788875,  0.043062  ,  0.58645013,  0.44148176,  0.21202248,
         0.17405359, -0.39478925,  0.43045288,  0.56588259,  0.38248348,
         1        ]],
  "shifts": [
    0, 0, 0, 0, 0, 0, 0, 0, 0, 0, 152
  ],
  "mults": [
    0.047565, 0.047565, 0.047565, 0.047565, 0.047565, 0.047565, 0.047565, 0.047565, 0.047565, 0.047565, 77
  ]
}